Workbook

Sheet Weekly Dashboard
A1: WEEKLY MARKET ACTIVITY
A3: Monday–Sunday view • Tile size = weekly volume • Color = Gain / Loss
A5: ="TOTAL VOLUME"&CHAR(10)&TEXT(SUM(Table1[Volume]),"0.0,,\M") -> TOTAL VOLUME 23.2M | D5: {="OVERALL RETURN"&CHAR(10)&TEXT(INDEX(Table1[Close],ROWS(Table1[Close]))/INDEX(Table1[Open],1)-1,"+0.0%;-0.0%")} -> OVERALL RETURN +31.6% | G5: {="BEST-PERFORMING WEEK"&CHAR(10)&INDEX($A$31:$A$40,_xlfn.XMATCH(MAX($F$31:$F$40),$F$31:$F$40))&" | "&TEXT(MAX($F$31:$F$40),"+0.0%;-0.0%")} -> BEST-PERFORMING WEEK 17 Aug – 23 Aug | +9.3% | J5: {="HIGHEST-VOLUME WEEK"&CHAR(10)&INDEX($A$31:$A$40,_xlfn.XMATCH(MAX($C$31:$C$40),$C$31:$C$40))&" | "&TEXT(MAX($C$31:$C$40),"0.0,,\M")} -> HIGHEST-VOLUME WEEK 24 Aug – 30 Aug | 3.5M
A10: WEEKLY VOLUME TREEMAP
A29: WEEKLY DETAIL | K29: DIRECTION
A30: Week | B30: Status | C30: Volume | D30: Opening | E30: Closing | F30: Return | G30: High | H30: Low | I30: Avg Daily Volume | J30: Week Start | K30: Gain | L30: Loss
A31: =TEXT($J31,"dd mmm")&" – "&TEXT($J31+6,"dd mmm") -> 29 Jun – 05 Jul | B31: =IF(E31>=D31,"Gain","Loss") -> Loss | C31: =_xlfn.LET(_xlpm.ws,$J31,_xlpm.we,_xlpm.ws+6,SUMIFS(Table1[Volume],Table1[Date],">="&_xlpm.ws,Table1[Date],"<="&_xlpm.we)) -> 647255 | D31: =_xlfn.LET(_xlpm.ws,$J31,_xlpm.we,_xlpm.ws+6,_xlfn.XLOOKUP(_xlfn.MINIFS(Table1[Date],Table1[Date],">="&_xlpm.ws,Table1[Date],"<="&_xlpm.we),Table1[Date],Table1[Open])) -> 100 | E31: =_xlfn.LET(_xlpm.ws,$J31,_xlpm.we,_xlpm.ws+6,_xlfn.XLOOKUP(_xlfn.MAXIFS(Table1[Date],Table1[Date],">="&_xlpm.ws,Table1[Date],"<="&_xlpm.we),Table1[Date],Table1[Close],,0,-1)) -> 99.98 | F31: =IFERROR(E31/D31-1,0) -> -0.0002 | G31: =_xlfn.LET(_xlpm.ws,$J31,_xlpm.we,_xlpm.ws+6,_xlfn.MAXIFS(Table1[High],Table1[Date],">="&_xlpm.ws,Table1[Date],"<="&_xlpm.we)) -> 101.92 | H31: =_xlfn.LET(_xlpm.ws,$J31,_xlpm.we,_xlpm.ws+6,_xlfn.MINIFS(Table1[Low],Table1[Date],">="&_xlpm.ws,Table1[Date],"<="&_xlpm.we)) -> 97.78 | I31: {=_xlfn.LET(_xlpm.ws,$J31,_xlpm.we,_xlpm.ws+6,C31/ROWS(_xlfn.UNIQUE(_xlfn._xlws.FILTER(Table1[Date],(Table1[Date]>=_xlpm.ws)*(Table1[Date]<=_xlpm.we)))))} -> 215751.67 | J31: =MIN(Table1[Date])-WEEKDAY(MIN(Table1[Date]),2)+1 -> 46202
A32: =TEXT($J32,"dd mmm")&" – "&TEXT($J32+6,"dd mmm") -> 06 Jul – 12 Jul | B32: =IF(E32>=D32,"Gain","Loss") -> Gain | C32: =_xlfn.LET(_xlpm.ws,$J32,_xlpm.we,_xlpm.ws+6,SUMIFS(Table1[Volume],Table1[Date],">="&_xlpm.ws,Table1[Date],"<="&_xlpm.we)) -> 3139289 | D32: =_xlfn.LET(_xlpm.ws,$J32,_xlpm.we,_xlpm.ws+6,_xlfn.XLOOKUP(_xlfn.MINIFS(Table1[Date],Table1[Date],">="&_xlpm.ws,Table1[Date],"<="&_xlpm.we),Table1[Date],Table1[Open])) -> 99.98 | E32: =_xlfn.LET(_xlpm.ws,$J32,_xlpm.we,_xlpm.ws+6,_xlfn.XLOOKUP(_xlfn.MAXIFS(Table1[Date],Table1[Date],">="&_xlpm.ws,Table1[Date],"<="&_xlpm.we),Table1[Date],Table1[Close],,0,-1)) -> 100.59 | F32: =IFERROR(E32/D32-1,0) -> 0.0061012202 | G32: =_xlfn.LET(_xlpm.ws,$J32,_xlpm.we,_xlpm.ws+6,_xlfn.MAXIFS(Table1[High],Table1[Date],">="&_xlpm.ws,Table1[Date],"<="&_xlpm.we)) -> 108.18 | H32: =_xlfn.LET(_xlpm.ws,$J32,_xlpm.we,_xlpm.ws+6,_xlfn.MINIFS(Table1[Low],Table1[Date],">="&_xlpm.ws,Table1[Date],"<="&_xlpm.we)) -> 98.18 | I32: {=_xlfn.LET(_xlpm.ws,$J32,_xlpm.we,_xlpm.ws+6,C32/ROWS(_xlfn.UNIQUE(_xlfn._xlws.FILTER(Table1[Date],(Table1[Date]>=_xlpm.ws)*(Table1[Date]<=_xlpm.we)))))} -> 627857.8 | J32: =J31+7 -> 46209 | K32: Tile area reflects total weekly volume. Direction compares the week’s first opening price with its final closing price.
A33: =TEXT($J33,"dd mmm")&" – "&TEXT($J33+6,"dd mmm") -> 13 Jul – 19 Jul | B33: =IF(E33>=D33,"Gain","Loss") -> Gain | C33: =_xlfn.LET(_xlpm.ws,$J33,_xlpm.we,_xlpm.ws+6,SUMIFS(Table1[Volume],Table1[Date],">="&_xlpm.ws,Table1[Date],"<="&_xlpm.we)) -> 2516852 | D33: =_xlfn.LET(_xlpm.ws,$J33,_xlpm.we,_xlpm.ws+6,_xlfn.XLOOKUP(_xlfn.MINIFS(Table1[Date],Table1[Date],">="&_xlpm.ws,Table1[Date],"<="&_xlpm.we),Table1[Date],Table1[Open])) -> 100.59 | E33: =_xlfn.LET(_xlpm.ws,$J33,_xlpm.we,_xlpm.ws+6,_xlfn.XLOOKUP(_xlfn.MAXIFS(Table1[Date],Table1[Date],">="&_xlpm.ws,Table1[Date],"<="&_xlpm.we),Table1[Date],Table1[Close],,0,-1)) -> 105.88 | F33: =IFERROR(E33/D33-1,0) -> 0.052589721 | G33: =_xlfn.LET(_xlpm.ws,$J33,_xlpm.we,_xlpm.ws+6,_xlfn.MAXIFS(Table1[High],Table1[Date],">="&_xlpm.ws,Table1[Date],"<="&_xlpm.we)) -> 106.84 | H33: =_xlfn.LET(_xlpm.ws,$J33,_xlpm.we,_xlpm.ws+6,_xlfn.MINIFS(Table1[Low],Table1[Date],">="&_xlpm.ws,Table1[Date],"<="&_xlpm.we)) -> 96.75 | I33: {=_xlfn.LET(_xlpm.ws,$J33,_xlpm.we,_xlpm.ws+6,C33/ROWS(_xlfn.UNIQUE(_xlfn._xlws.FILTER(Table1[Date],(Table1[Date]>=_xlpm.ws)*(Table1[Date]<=_xlpm.we)))))} -> 503370.4 | J33: =J32+7 -> 46216
A34: =TEXT($J34,"dd mmm")&" – "&TEXT($J34+6,"dd mmm") -> 20 Jul – 26 Jul | B34: =IF(E34>=D34,"Gain","Loss") -> Loss | C34: =_xlfn.LET(_xlpm.ws,$J34,_xlpm.we,_xlpm.ws+6,SUMIFS(Table1[Volume],Table1[Date],">="&_xlpm.ws,Table1[Date],"<="&_xlpm.we)) -> 2778758 | D34: =_xlfn.LET(_xlpm.ws,$J34,_xlpm.we,_xlpm.ws+6,_xlfn.XLOOKUP(_xlfn.MINIFS(Table1[Date],Table1[Date],">="&_xlpm.ws,Table1[Date],"<="&_xlpm.we),Table1[Date],Table1[Open])) -> 105.88 | E34: =_xlfn.LET(_xlpm.ws,$J34,_xlpm.we,_xlpm.ws+6,_xlfn.XLOOKUP(_xlfn.MAXIFS(Table1[Date],Table1[Date],">="&_xlpm.ws,Table1[Date],"<="&_xlpm.we),Table1[Date],Table1[Close],,0,-1)) -> 104.29 | F34: =IFERROR(E34/D34-1,0) -> -0.015017 | G34: =_xlfn.LET(_xlpm.ws,$J34,_xlpm.we,_xlpm.ws+6,_xlfn.MAXIFS(Table1[High],Table1[Date],">="&_xlpm.ws,Table1[Date],"<="&_xlpm.we)) -> 106.91 | H34: =_xlfn.LET(_xlpm.ws,$J34,_xlpm.we,_xlpm.ws+6,_xlfn.MINIFS(Table1[Low],Table1[Date],">="&_xlpm.ws,Table1[Date],"<="&_xlpm.we)) -> 100.23 | I34: {=_xlfn.LET(_xlpm.ws,$J34,_xlpm.we,_xlpm.ws+6,C34/ROWS(_xlfn.UNIQUE(_xlfn._xlws.FILTER(Table1[Date],(Table1[Date]>=_xlpm.ws)*(Table1[Date]<=_xlpm.we)))))} -> 555751.6 | J34: =J33+7 -> 46223
A35: =TEXT($J35,"dd mmm")&" – "&TEXT($J35+6,"dd mmm") -> 27 Jul – 02 Aug | B35: =IF(E35>=D35,"Gain","Loss") -> Gain | C35: =_xlfn.LET(_xlpm.ws,$J35,_xlpm.we,_xlpm.ws+6,SUMIFS(Table1[Volume],Table1[Date],">="&_xlpm.ws,Table1[Date],"<="&_xlpm.we)) -> 1692709 | D35: =_xlfn.LET(_xlpm.ws,$J35,_xlpm.we,_xlpm.ws+6,_xlfn.XLOOKUP(_xlfn.MINIFS(Table1[Date],Table1[Date],">="&_xlpm.ws,Table1[Date],"<="&_xlpm.we),Table1[Date],Table1[Open])) -> 104.29 | E35: =_xlfn.LET(_xlpm.ws,$J35,_xlpm.we,_xlpm.ws+6,_xlfn.XLOOKUP(_xlfn.MAXIFS(Table1[Date],Table1[Date],">="&_xlpm.ws,Table1[Date],"<="&_xlpm.we),Table1[Date],Table1[Close],,0,-1)) -> 110.61 | F35: =IFERROR(E35/D35-1,0) -> 0.060600249 | G35: =_xlfn.LET(_xlpm.ws,$J35,_xlpm.we,_xlpm.ws+6,_xlfn.MAXIFS(Table1[High],Table1[Date],">="&_xlpm.ws,Table1[Date],"<="&_xlpm.we)) -> 113.03 | H35: =_xlfn.LET(_xlpm.ws,$J35,_xlpm.we,_xlpm.ws+6,_xlfn.MINIFS(Table1[Low],Table1[Date],">="&_xlpm.ws,Table1[Date],"<="&_xlpm.we)) -> 102.06 | I35: {=_xlfn.LET(_xlpm.ws,$J35,_xlpm.we,_xlpm.ws+6,C35/ROWS(_xlfn.UNIQUE(_xlfn._xlws.FILTER(Table1[Date],(Table1[Date]>=_xlpm.ws)*(Table1[Date]<=_xlpm.we)))))} -> 338541.8 | J35: =J34+7 -> 46230
A36: =TEXT($J36,"dd mmm")&" – "&TEXT($J36+6,"dd mmm") -> 03 Aug – 09 Aug | B36: =IF(E36>=D36,"Gain","Loss") -> Gain | C36: =_xlfn.LET(_xlpm.ws,$J36,_xlpm.we,_xlpm.ws+6,SUMIFS(Table1[Volume],Table1[Date],">="&_xlpm.ws,Table1[Date],"<="&_xlpm.we)) -> 3316076 | D36: =_xlfn.LET(_xlpm.ws,$J36,_xlpm.we,_xlpm.ws+6,_xlfn.XLOOKUP(_xlfn.MINIFS(Table1[Date],Table1[Date],">="&_xlpm.ws,Table1[Date],"<="&_xlpm.we),Table1[Date],Table1[Open])) -> 110.61 | E36: =_xlfn.LET(_xlpm.ws,$J36,_xlpm.we,_xlpm.ws+6,_xlfn.XLOOKUP(_xlfn.MAXIFS(Table1[Date],Table1[Date],">="&_xlpm.ws,Table1[Date],"<="&_xlpm.we),Table1[Date],Table1[Close],,0,-1)) -> 114.61 | F36: =IFERROR(E36/D36-1,0) -> 0.036163096 | G36: =_xlfn.LET(_xlpm.ws,$J36,_xlpm.we,_xlpm.ws+6,_xlfn.MAXIFS(Table1[High],Table1[Date],">="&_xlpm.ws,Table1[Date],"<="&_xlpm.we)) -> 116.09 | H36: =_xlfn.LET(_xlpm.ws,$J36,_xlpm.we,_xlpm.ws+6,_xlfn.MINIFS(Table1[Low],Table1[Date],">="&_xlpm.ws,Table1[Date],"<="&_xlpm.we)) -> 107.86 | I36: {=_xlfn.LET(_xlpm.ws,$J36,_xlpm.we,_xlpm.ws+6,C36/ROWS(_xlfn.UNIQUE(_xlfn._xlws.FILTER(Table1[Date],(Table1[Date]>=_xlpm.ws)*(Table1[Date]<=_xlpm.we)))))} -> 663215.2 | J36: =J35+7 -> 46237
A37: =TEXT($J37,"dd mmm")&" – "&TEXT($J37+6,"dd mmm") -> 10 Aug – 16 Aug | B37: =IF(E37>=D37,"Gain","Loss") -> Gain | C37: =_xlfn.LET(_xlpm.ws,$J37,_xlpm.we,_xlpm.ws+6,SUMIFS(Table1[Volume],Table1[Date],">="&_xlpm.ws,Table1[Date],"<="&_xlpm.we)) -> 2699117 | D37: =_xlfn.LET(_xlpm.ws,$J37,_xlpm.we,_xlpm.ws+6,_xlfn.XLOOKUP(_xlfn.MINIFS(Table1[Date],Table1[Date],">="&_xlpm.ws,Table1[Date],"<="&_xlpm.we),Table1[Date],Table1[Open])) -> 114.61 | E37: =_xlfn.LET(_xlpm.ws,$J37,_xlpm.we,_xlpm.ws+6,_xlfn.XLOOKUP(_xlfn.MAXIFS(Table1[Date],Table1[Date],">="&_xlpm.ws,Table1[Date],"<="&_xlpm.we),Table1[Date],Table1[Close],,0,-1)) -> 122.53 | F37: =IFERROR(E37/D37-1,0) -> 0.069103918 | G37: =_xlfn.LET(_xlpm.ws,$J37,_xlpm.we,_xlpm.ws+6,_xlfn.MAXIFS(Table1[High],Table1[Date],">="&_xlpm.ws,Table1[Date],"<="&_xlpm.we)) -> 123.88 | H37: =_xlfn.LET(_xlpm.ws,$J37,_xlpm.we,_xlpm.ws+6,_xlfn.MINIFS(Table1[Low],Table1[Date],">="&_xlpm.ws,Table1[Date],"<="&_xlpm.we)) -> 111.68 | I37: {=_xlfn.LET(_xlpm.ws,$J37,_xlpm.we,_xlpm.ws+6,C37/ROWS(_xlfn.UNIQUE(_xlfn._xlws.FILTER(Table1[Date],(Table1[Date]>=_xlpm.ws)*(Table1[Date]<=_xlpm.we)))))} -> 539823.4 | J37: =J36+7 -> 46244
A38: =TEXT($J38,"dd mmm")&" – "&TEXT($J38+6,"dd mmm") -> 17 Aug – 23 Aug | B38: =IF(E38>=D38,"Gain","Loss") -> Gain | C38: =_xlfn.LET(_xlpm.ws,$J38,_xlpm.we,_xlpm.ws+6,SUMIFS(Table1[Volume],Table1[Date],">="&_xlpm.ws,Table1[Date],"<="&_xlpm.we)) -> 2506578 | D38: =_xlfn.LET(_xlpm.ws,$J38,_xlpm.we,_xlpm.ws+6,_xlfn.XLOOKUP(_xlfn.MINIFS(Table1[Date],Table1[Date],">="&_xlpm.ws,Table1[Date],"<="&_xlpm.we),Table1[Date],Table1[Open])) -> 122.53 | E38: =_xlfn.LET(_xlpm.ws,$J38,_xlpm.we,_xlpm.ws+6,_xlfn.XLOOKUP(_xlfn.MAXIFS(Table1[Date],Table1[Date],">="&_xlpm.ws,Table1[Date],"<="&_xlpm.we),Table1[Date],Table1[Close],,0,-1)) -> 133.89 | F38: =IFERROR(E38/D38-1,0) -> 0.092711989 | G38: =_xlfn.LET(_xlpm.ws,$J38,_xlpm.we,_xlpm.ws+6,_xlfn.MAXIFS(Table1[High],Table1[Date],">="&_xlpm.ws,Table1[Date],"<="&_xlpm.we)) -> 136.62 | H38: =_xlfn.LET(_xlpm.ws,$J38,_xlpm.we,_xlpm.ws+6,_xlfn.MINIFS(Table1[Low],Table1[Date],">="&_xlpm.ws,Table1[Date],"<="&_xlpm.we)) -> 120.06 | I38: {=_xlfn.LET(_xlpm.ws,$J38,_xlpm.we,_xlpm.ws+6,C38/ROWS(_xlfn.UNIQUE(_xlfn._xlws.FILTER(Table1[Date],(Table1[Date]>=_xlpm.ws)*(Table1[Date]<=_xlpm.we)))))} -> 501315.6 | J38: =J37+7 -> 46251
A39: =TEXT($J39,"dd mmm")&" – "&TEXT($J39+6,"dd mmm") -> 24 Aug – 30 Aug | B39: =IF(E39>=D39,"Gain","Loss") -> Loss | C39: =_xlfn.LET(_xlpm.ws,$J39,_xlpm.we,_xlpm.ws+6,SUMIFS(Table1[Volume],Table1[Date],">="&_xlpm.ws,Table1[Date],"<="&_xlpm.we)) -> 3498235 | D39: =_xlfn.LET(_xlpm.ws,$J39,_xlpm.we,_xlpm.ws+6,_xlfn.XLOOKUP(_xlfn.MINIFS(Table1[Date],Table1[Date],">="&_xlpm.ws,Table1[Date],"<="&_xlpm.we),Table1[Date],Table1[Open])) -> 133.89 | E39: =_xlfn.LET(_xlpm.ws,$J39,_xlpm.we,_xlpm.ws+6,_xlfn.XLOOKUP(_xlfn.MAXIFS(Table1[Date],Table1[Date],">="&_xlpm.ws,Table1[Date],"<="&_xlpm.we),Table1[Date],Table1[Close],,0,-1)) -> 132.98 | F39: =IFERROR(E39/D39-1,0) -> -0.0067966241 | G39: =_xlfn.LET(_xlpm.ws,$J39,_xlpm.we,_xlpm.ws+6,_xlfn.MAXIFS(Table1[High],Table1[Date],">="&_xlpm.ws,Table1[Date],"<="&_xlpm.we)) -> 137.53 | H39: =_xlfn.LET(_xlpm.ws,$J39,_xlpm.we,_xlpm.ws+6,_xlfn.MINIFS(Table1[Low],Table1[Date],">="&_xlpm.ws,Table1[Date],"<="&_xlpm.we)) -> 127.61 | I39: {=_xlfn.LET(_xlpm.ws,$J39,_xlpm.we,_xlpm.ws+6,C39/ROWS(_xlfn.UNIQUE(_xlfn._xlws.FILTER(Table1[Date],(Table1[Date]>=_xlpm.ws)*(Table1[Date]<=_xlpm.we)))))} -> 699647 | J39: =J38+7 -> 46258
A40: =TEXT($J40,"dd mmm")&" – "&TEXT($J40+6,"dd mmm") -> 31 Aug – 06 Sep | B40: =IF(E40>=D40,"Gain","Loss") -> Loss | C40: =_xlfn.LET(_xlpm.ws,$J40,_xlpm.we,_xlpm.ws+6,SUMIFS(Table1[Volume],Table1[Date],">="&_xlpm.ws,Table1[Date],"<="&_xlpm.we)) -> 411105 | D40: =_xlfn.LET(_xlpm.ws,$J40,_xlpm.we,_xlpm.ws+6,_xlfn.XLOOKUP(_xlfn.MINIFS(Table1[Date],Table1[Date],">="&_xlpm.ws,Table1[Date],"<="&_xlpm.we),Table1[Date],Table1[Open])) -> 132.98 | E40: =_xlfn.LET(_xlpm.ws,$J40,_xlpm.we,_xlpm.ws+6,_xlfn.XLOOKUP(_xlfn.MAXIFS(Table1[Date],Table1[Date],">="&_xlpm.ws,Table1[Date],"<="&_xlpm.we),Table1[Date],Table1[Close],,0,-1)) -> 131.64 | F40: =IFERROR(E40/D40-1,0) -> -0.010076703 | G40: =_xlfn.LET(_xlpm.ws,$J40,_xlpm.we,_xlpm.ws+6,_xlfn.MAXIFS(Table1[High],Table1[Date],">="&_xlpm.ws,Table1[Date],"<="&_xlpm.we)) -> 133.97 | H40: =_xlfn.LET(_xlpm.ws,$J40,_xlpm.we,_xlpm.ws+6,_xlfn.MINIFS(Table1[Low],Table1[Date],">="&_xlpm.ws,Table1[Date],"<="&_xlpm.we)) -> 129.95 | I40: {=_xlfn.LET(_xlpm.ws,$J40,_xlpm.we,_xlpm.ws+6,C40/ROWS(_xlfn.UNIQUE(_xlfn._xlws.FILTER(Table1[Date],(Table1[Date]>=_xlpm.ws)*(Table1[Date]<=_xlpm.we)))))} -> 411105 | J40: =J39+7 -> 46265

Sheet Sheet1
A1: Date | B1: Open | C1: High | D1: Low | E1: Close | F1: Volume
A2: 46204 | B2: 100 | C2: 101.11 | D2: 99.05 | E2: 100.06 | F2: 367524
A3: 46205 | B3: 100.06 | C3: 101.92 | D3: 97.78 | E3: 100.07 | F3: 148814
A4: 46206 | B4: 100.07 | C4: 101 | D4: 98.47 | E4: 99.98 | F4: 130917
A5: 46209 | B5: 99.98 | C5: 101.46 | D5: 98.18 | E5: 100.56 | F5: 334717
A6: 46209 | B6: 100.56 | C6: 103.53 | D6: 100.05 | E6: 101.41 | F6: 450962
A7: 46209 | B7: 101.41 | C7: 106.27 | D7: 100.23 | E7: 104.38 | F7: 273139
A8: 46210 | B8: 104.38 | C8: 107.16 | D8: 103.69 | E8: 106.48 | F8: 567280
A9: 46211 | B9: 106.48 | C9: 108.18 | D9: 104.23 | E9: 106.34 | F9: 370283
A10: 46212 | B10: 106.34 | C10: 107.6 | D10: 99.85 | E10: 101.45 | F10: 778737
A11: 46213 | B11: 101.45 | C11: 103.19 | D11: 98.37 | E11: 100.59 | F11: 364171
A12: 46216 | B12: 100.59 | C12: 101.72 | D12: 99.51 | E12: 100.77 | F12: 151526
A13: 46216 | B13: 100.77 | C13: 101.73 | D13: 99.83 | E13: 100.53 | F13: 221801
... A61: 46265 | B61: 132.98 | C61: 133.97 | D61: 129.95 | E61: 131.64 | F61: 411105

Sheet Chart Data
A1: Status | B1: Week | C1: Volume
A2: ='Weekly Dashboard'!B31 -> Loss | B2: ='Weekly Dashboard'!A31 -> 29 Jun – 05 Jul | C2: ='Weekly Dashboard'!C31 -> 647255
A3: ='Weekly Dashboard'!B32 -> Gain | B3: ='Weekly Dashboard'!A32 -> 06 Jul – 12 Jul | C3: ='Weekly Dashboard'!C32 -> 3139289
A4: ='Weekly Dashboard'!B33 -> Gain | B4: ='Weekly Dashboard'!A33 -> 13 Jul – 19 Jul | C4: ='Weekly Dashboard'!C33 -> 2516852
A5: ='Weekly Dashboard'!B34 -> Loss | B5: ='Weekly Dashboard'!A34 -> 20 Jul – 26 Jul | C5: ='Weekly Dashboard'!C34 -> 2778758
A6: ='Weekly Dashboard'!B35 -> Gain | B6: ='Weekly Dashboard'!A35 -> 27 Jul – 02 Aug | C6: ='Weekly Dashboard'!C35 -> 1692709
A7: ='Weekly Dashboard'!B36 -> Gain | B7: ='Weekly Dashboard'!A36 -> 03 Aug – 09 Aug | C7: ='Weekly Dashboard'!C36 -> 3316076
A8: ='Weekly Dashboard'!B37 -> Gain | B8: ='Weekly Dashboard'!A37 -> 10 Aug – 16 Aug | C8: ='Weekly Dashboard'!C37 -> 2699117
A9: ='Weekly Dashboard'!B38 -> Gain | B9: ='Weekly Dashboard'!A38 -> 17 Aug – 23 Aug | C9: ='Weekly Dashboard'!C38 -> 2506578
A10: ='Weekly Dashboard'!B39 -> Loss | B10: ='Weekly Dashboard'!A39 -> 24 Aug – 30 Aug | C10: ='Weekly Dashboard'!C39 -> 3498235
A11: ='Weekly Dashboard'!B40 -> Loss | B11: ='Weekly Dashboard'!A40 -> 31 Aug – 06 Sep | C11: ='Weekly Dashboard'!C40 -> 411105
